{"cameraMode":{"drawMode":0,"name":"Shaded","section":"Shading Mode"},"sceneLighting":true,"audioPlay":false,"sceneViewState":{"m_AlwaysRefresh":false,"showFog":true,"showSkybox":true,"showFlares":true,"showImageEffects":true,"showParticleSystems":true,"showVisualEffectGraphs":true,"m_FxEnabled":true},"in2DMode":false,"pivot":{"x":-0.33197450637817385,"y":3.338071346282959,"z":2.0104124546051027},"rotation":{"x":0.09313013404607773,"y":0.8553215265274048,"z":-0.1652139276266098,"w":0.48214346170425417},"size":1.5147970914840699,"orthographic":false}